categoria,nome,preco,link
RÅSKOG,"Trolley,",45,https://www.ikea.com/ie/en/p/raskog-trolley-white-20382932/
RÅSHULT,"Trolley,",35,https://www.ikea.com/ie/en/p/rashult-trolley-white-20463056/
NISSAFORS,"Trolley,",30,https://www.ikea.com/ie/en/p/nissafors-trolley-black-20399777/
VESKEN,"Trolley,",12,https://www.ikea.com/ie/en/p/vesken-trolley-white-00471222/
RÅSKOG,"Trolley,",45,https://www.ikea.com/ie/en/p/raskog-trolley-white-20382932/
RÅSHULT,"Trolley,",35,https://www.ikea.com/ie/en/p/rashult-trolley-white-20463056/
NISSAFORS,"Trolley,",30,https://www.ikea.com/ie/en/p/nissafors-trolley-black-20399777/
VESKEN,"Trolley,",12,https://www.ikea.com/ie/en/p/vesken-trolley-white-00471222/
HORNAVAN,"Trolley,",19,https://www.ikea.com/ie/en/p/hornavan-trolley-white-70243873/
BEKVÄM,"Kitchen trolley,",69,https://www.ikea.com/ie/en/p/bekvaem-kitchen-trolley-birch-30240348/
HÖGSMA,"Chopping board,",10,https://www.ikea.com/ie/en/p/hoegsma-chopping-board-bamboo-90446619/
RISATORP,"Trolley,",65,https://www.ikea.com/ie/en/p/risatorp-trolley-white-20281631/
STENSTORP,"Kitchen trolley,",149,https://www.ikea.com/ie/en/p/stenstorp-kitchen-trolley-white-oak-40201916/
ENHET,"Kitchen isl storage comb w seating,",187,https://www.ikea.com/ie/en/p/enhet-kitchen-isl-storage-comb-w-seating-white-s59331569/
VADHOLMA,"Kitchen island,",299,https://www.ikea.com/ie/en/p/vadholma-kitchen-island-black-oak-40366115/
TORNVIKEN,"Kitchen island,",329,https://www.ikea.com/ie/en/p/tornviken-kitchen-island-off-white-oak-40391657/
VADHOLMA,Rack for kitchen island,79,https://www.ikea.com/ie/en/p/vadholma-rack-for-kitchen-island-black-80402381/
TROTTEN,"Trolley,",115,https://www.ikea.com/ie/en/p/trotten-trolley-white-80474764/
RIMFORSA,"Work bench,",529,https://www.ikea.com/ie/en/p/rimforsa-work-bench-stainless-steel-bamboo-90399284/
VADHOLMA,"Kitchen island,",420,https://www.ikea.com/ie/en/p/vadholma-kitchen-island-black-oak-20359154/
BROR,"Trolley,",129,https://www.ikea.com/ie/en/p/bror-trolley-black-pine-plywood-60333850/
BROR,"Work bench,",150,https://www.ikea.com/ie/en/p/bror-work-bench-black-pine-plywood-30333286/
FÖRHÖJA,"Kitchen trolley,",129,https://www.ikea.com/ie/en/p/foerhoeja-kitchen-trolley-birch-80035920/
VADHOLMA,"Kitchen island with rack,",499,https://www.ikea.com/ie/en/p/vadholma-kitchen-island-with-rack-black-oak-s59276228/
FLYTTA,"Kitchen trolley,",149,https://www.ikea.com/ie/en/p/flytta-kitchen-trolley-stainless-steel-00058487/
RÖNNINGE,"Trolley,",149,https://www.ikea.com/ie/en/p/roenninge-trolley-birch-50507488/
KUNGSFORS,"Kitchen trolley,",125,https://www.ikea.com/ie/en/p/kungsfors-kitchen-trolley-stainless-steel-80334924/
RÅVAROR,"Trolley,",30,https://www.ikea.com/ie/en/p/ravaror-trolley-black-90454548/
SANDSBERG,"Bar table,",49,https://www.ikea.com/ie/en/p/sandsberg-bar-table-black-s99420403/
HÅVERUD / DALFRED,"Table and 2 stools,",239,https://www.ikea.com/ie/en/p/haverud-dalfred-table-and-2-stools-black-black-s19428907/
INGOLF,"Bar stool with backrest,",70,https://www.ikea.com/ie/en/p/ingolf-bar-stool-with-backrest-white-10122647/
SANDSBERG / SANDSBERG,"Bar table and 2 bar stools,",109,https://www.ikea.com/ie/en/p/sandsberg-sandsberg-bar-table-and-2-bar-stools-black-black-s39420420/
SANDSBERG,"Bar table,",49,https://www.ikea.com/ie/en/p/sandsberg-bar-table-black-s99420403/
HÅVERUD / DALFRED,"Table and 2 stools,",239,https://www.ikea.com/ie/en/p/haverud-dalfred-table-and-2-stools-black-black-s19428907/
INGOLF,"Bar stool with backrest,",70,https://www.ikea.com/ie/en/p/ingolf-bar-stool-with-backrest-white-10122647/
SANDSBERG / SANDSBERG,"Bar table and 2 bar stools,",109,https://www.ikea.com/ie/en/p/sandsberg-sandsberg-bar-table-and-2-bar-stools-black-black-s39420420/
BERGMUND,"Bar stool with backrest,",105,https://www.ikea.com/ie/en/p/bergmund-bar-stool-with-backrest-black-gunnared-medium-grey-s99384693/
FRANKLIN,"Bar stool with backrest, foldable,",35,https://www.ikea.com/ie/en/p/franklin-bar-stool-with-backrest-foldable-black-black-60406785/
JANINGE,"Bar stool,",115,https://www.ikea.com/ie/en/p/janinge-bar-stool-white-70246089/
DOCKSTA,"Bar table,",199,https://www.ikea.com/ie/en/p/docksta-bar-table-white-white-s49418836/
NILSOLLE,"Bar stool,",45,https://www.ikea.com/ie/en/p/nilsolle-bar-stool-birch-10462123/
TOMMARYD,"Table,",169,https://www.ikea.com/ie/en/p/tommaryd-table-white-stained-oak-veneer-white-s69387495/
RÖNNINGE,"Bar stool,",85,https://www.ikea.com/ie/en/p/roenninge-bar-stool-birch-90511233/
NORBERG,"Wall-mounted drop-leaf table,",45,https://www.ikea.com/ie/en/p/norberg-wall-mounted-drop-leaf-table-white-30180504/
STIG,"Bar stool with backrest,",15,https://www.ikea.com/ie/en/p/stig-bar-stool-with-backrest-black-black-30498418/
SANDSBERG,"Bar stool,",30,https://www.ikea.com/ie/en/p/sandsberg-bar-stool-black-brown-stained-90514651/
DALFRED,"Bar stool,",55,https://www.ikea.com/ie/en/p/dalfred-bar-stool-black-60155602/
GLENN,"Bar stool,",70,https://www.ikea.com/ie/en/p/glenn-bar-stool-white-chrome-plated-60131734/
YNGVAR,"Bar stool,",125,https://www.ikea.com/ie/en/p/yngvar-bar-stool-anthracite-60400745/
NORDVIKEN / NORDVIKEN,Bar table and 4 bar stools,549,https://www.ikea.com/ie/en/p/nordviken-nordviken-bar-table-and-4-bar-stools-white-white-s19333527/
IDÅSEN,"Table,",215,https://www.ikea.com/ie/en/p/idasen-table-brown-beige-s29395888/
RÖNNINGE,"Bar table,",199,https://www.ikea.com/ie/en/p/roenninge-bar-table-birch-50511230/
EKEDALEN,"Bar table,",229,https://www.ikea.com/ie/en/p/ekedalen-bar-table-dark-brown-90400517/
BERNHARD,"Bar stool with backrest,",135,https://www.ikea.com/ie/en/p/bernhard-bar-stool-with-backrest-chrome-plated-mjuk-golden-brown-00404845/
NORDVIKEN,"Bar stool with backrest,",70,https://www.ikea.com/ie/en/p/nordviken-bar-stool-with-backrest-black-00424693/
STENSELE,"Bar table,",119,https://www.ikea.com/ie/en/p/stensele-bar-table-anthracite-anthracite-s09288224/
FREDDE,"Gaming desk,",229,https://www.ikea.com/ie/en/p/fredde-gaming-desk-white-10451068/
MÅLVAKT / NÄRSPEL,"Desk,",90,https://www.ikea.com/ie/en/p/malvakt-naerspel-desk-black-dark-grey-s39439962/
UPPSPEL,"Gaming desk,",599,https://www.ikea.com/ie/en/p/uppspel-gaming-desk-black-s69430192/
UPPSPEL,"Pegboard,",27,https://www.ikea.com/ie/en/p/uppspel-pegboard-black-80507788/
FREDDE,"Gaming desk,",229,https://www.ikea.com/ie/en/p/fredde-gaming-desk-white-10451068/
MÅLVAKT / NÄRSPEL,"Desk,",90,https://www.ikea.com/ie/en/p/malvakt-naerspel-desk-black-dark-grey-s39439962/
UPPSPEL,"Gaming desk,",599,https://www.ikea.com/ie/en/p/uppspel-gaming-desk-black-s69430192/
UPPSPEL,"Pegboard,",27,https://www.ikea.com/ie/en/p/uppspel-pegboard-black-80507788/
LÅNESPELARE,Accessories stand,25,https://www.ikea.com/ie/en/p/lanespelare-accessories-stand-60511362/
LÅNESPELARE,Mug and mug holder,20,https://www.ikea.com/ie/en/p/lanespelare-mug-and-mug-holder-s79429310/
MÅLVAKT / ALEX,"Desk,",114,https://www.ikea.com/ie/en/p/malvakt-alex-desk-black-white-s69440011/
MATCHSPEL,Gaming chair,179,https://www.ikea.com/ie/en/p/matchspel-gaming-chair-bomstad-black-20507606/
GRUPPSPEL,Gaming chair,229,https://www.ikea.com/ie/en/p/gruppspel-gaming-chair-gunnared-beige-20507588/
UTESPELARE / HELMER,"Desk, chair and drawer unit",319,https://www.ikea.com/ie/en/p/utespelare-helmer-desk-chair-and-drawer-unit-black-s69440775/
VÄDRA,"Babycare mat,",17,https://www.ikea.com/ie/en/p/vaedra-babycare-mat-80226137/
HUVUDSPELARE,Gaming chair,65,https://www.ikea.com/ie/en/p/huvudspelare-gaming-chair-black-30507601/
LÅNESPELARE,Mug with lid and straw,10,https://www.ikea.com/ie/en/p/lanespelare-mug-with-lid-and-straw-black-40507846/
IDÅSEN / GRUPPSPEL,"Desk, chair and drawer unit,","1,059",https://www.ikea.com/ie/en/p/idasen-gruppspel-desk-chair-and-drawer-unit-brown-beige-s79441699/
UTESPELARE,"Gaming desk,",150,https://www.ikea.com/ie/en/p/utespelare-gaming-desk-black-80507627/
BEKANT / MATCHSPEL,Desk and chair,364,https://www.ikea.com/ie/en/p/bekant-matchspel-desk-and-chair-black-s99440793/
UPPSPEL / GRUPPSPEL,"Gaming desk and chair,",779,https://www.ikea.com/ie/en/p/uppspel-gruppspel-gaming-desk-and-chair-black-grey-s09441037/
UPPSPEL,Cpu stand with castors,19,https://www.ikea.com/ie/en/p/uppspel-cpu-stand-with-castors-dark-grey-40507785/
UPPSPEL,"Glass-door cabinet,",90,https://www.ikea.com/ie/en/p/uppspel-glass-door-cabinet-dark-grey-90507636/
LÅNESPELARE,Ring light with phone holder,40,https://www.ikea.com/ie/en/p/lanespelare-ring-light-with-phone-holder-10514358/
LÅNESPELARE,"Gaming mouse pad,",15,https://www.ikea.com/ie/en/p/lanespelare-gaming-mouse-pad-patterned-70507816/
UTESPELARE,Gaming chair,129,https://www.ikea.com/ie/en/p/utespelare-gaming-chair-bomstad-black-90507617/
LÅNESPELARE,"Gaming mouse pad,",6,https://www.ikea.com/ie/en/p/lanespelare-gaming-mouse-pad-black-60507794/
LÅNESPELARE,Mug holder,10,https://www.ikea.com/ie/en/p/lanespelare-mug-holder-black-90507844/
UPPSPEL,"Drawer unit on castors,",99,https://www.ikea.com/ie/en/p/uppspel-drawer-unit-on-castors-black-80507632/
ANTILOP,Highchair with tray,19,https://www.ikea.com/ie/en/p/antilop-highchair-with-tray-white-silver-colour-s29067293/
GODISHUS,"Chest of 3 drawers,",55,https://www.ikea.com/ie/en/p/godishus-chest-of-3-drawers-white-80433486/
SNIGLAR,"Cot,",69,https://www.ikea.com/ie/en/p/sniglar-cot-beech-30248537/
SNIGLAR,"Changing table,",39,https://www.ikea.com/ie/en/p/sniglar-changing-table-beech-white-20045205/
SMÅGÖRA,"Shelf unit,",30,https://www.ikea.com/ie/en/p/smagoera-shelf-unit-white-30465489/
GODISHUS,"Wardrobe,",95,https://www.ikea.com/ie/en/p/godishus-wardrobe-white-50422494/
TROFAST,"Wall storage,",45,https://www.ikea.com/ie/en/p/trofast-wall-storage-white-white-s79898306/
GULLIVER,Changing table,79,https://www.ikea.com/ie/en/p/gulliver-changing-table-white-20307037/
SNIGLAR,"Cot,",69,https://www.ikea.com/ie/en/p/sniglar-cot-beech-30248537/
GULLIVER,"Cot,",115,https://www.ikea.com/ie/en/p/gulliver-cot-white-10248519/
SMÅSTAD / PLATSA,"Wardrobe,",202,https://www.ikea.com/ie/en/p/smastad-platsa-wardrobe-white-white-with-3-drawers-s69426208/
GULLIVER,Changing table,79,https://www.ikea.com/ie/en/p/gulliver-changing-table-white-20307037/
SNIGLAR,"Cot,",69,https://www.ikea.com/ie/en/p/sniglar-cot-beech-30248537/
GULLIVER,"Cot,",115,https://www.ikea.com/ie/en/p/gulliver-cot-white-10248519/
SMÅSTAD / PLATSA,"Wardrobe,",202,https://www.ikea.com/ie/en/p/smastad-platsa-wardrobe-white-white-with-3-drawers-s69426208/
SMÅSTAD / PLATSA,"Wardrobe,",144,https://www.ikea.com/ie/en/p/smastad-platsa-wardrobe-white-white-with-3-shelves-s49483313/
SMÅSTAD / PLATSA,"Chest of 3 drawers,",111,https://www.ikea.com/ie/en/p/smastad-platsa-chest-of-3-drawers-white-white-s29420133/
GONATT,"Cot with drawer,",250,https://www.ikea.com/ie/en/p/gonatt-cot-with-drawer-white-90467089/
GODISHUS,"Chest of 3 drawers,",55,https://www.ikea.com/ie/en/p/godishus-chest-of-3-drawers-white-80433486/
SNIGLAR,"Changing table,",39,https://www.ikea.com/ie/en/p/sniglar-changing-table-beech-white-20045205/
LANGUR,Padded seat cover for highchair,9,https://www.ikea.com/ie/en/p/langur-padded-seat-cover-for-highchair-yellow-00352648/
BUSUNGE,"Wardrobe,",129,https://www.ikea.com/ie/en/p/busunge-wardrobe-white-20305707/
SUNDVIK,"Wardrobe,",215,https://www.ikea.com/ie/en/p/sundvik-wardrobe-white-10269696/
VÄDRA,"Babycare mat,",17,https://www.ikea.com/ie/en/p/vaedra-babycare-mat-80226137/
SMÅGÖRA,"Cot,",150,https://www.ikea.com/ie/en/p/smagoera-cot-white-20461236/
SMÅSTAD,"Changing table,",188,https://www.ikea.com/ie/en/p/smastad-changing-table-white-grey-with-3-drawers-s89392207/
ANTILOP,Highchair with tray,19,https://www.ikea.com/ie/en/p/antilop-highchair-with-tray-white-silver-colour-s29067293/
SUNDVIK,Changing table/chest of drawers,199,https://www.ikea.com/ie/en/p/sundvik-changing-table-chest-of-drawers-white-00497340/
BERGIG,Book display with storage,115,https://www.ikea.com/ie/en/p/bergig-book-display-with-storage-white-00472702/
TROFAST,"Storage combination with boxes,",67,https://www.ikea.com/ie/en/p/trofast-storage-combination-with-boxes-white-white-pink-s29335903/
TROFAST,"Frame,",50,https://www.ikea.com/ie/en/p/trofast-frame-white-80153800/
MYLLRA,Changing table with drawers,250,https://www.ikea.com/ie/en/p/myllra-changing-table-with-drawers-white-70483580/
TROFAST,"Storage combination with boxes,",40,https://www.ikea.com/ie/en/p/trofast-storage-combination-with-boxes-white-grey-s79330470/
GODISHUS,"Wardrobe,",95,https://www.ikea.com/ie/en/p/godishus-wardrobe-white-50422494/
SMÅSTAD / PLATSA,"Changing table,",335,https://www.ikea.com/ie/en/p/smastad-platsa-changing-table-white-grey-with-bookcase-s09483918/
NORRÅKER,"Bench,",60,https://www.ikea.com/ie/en/p/norraker-bench-birch-60428990/
STENSELE,"Table,",109,https://www.ikea.com/ie/en/p/stensele-table-light-grey-light-grey-s49288236/
YNGVAR,"Bar stool,",125,https://www.ikea.com/ie/en/p/yngvar-bar-stool-anthracite-60400745/
JANINGE,"Bar stool,",115,https://www.ikea.com/ie/en/p/janinge-bar-stool-white-70246089/
NORRÅKER,"Bench,",60,https://www.ikea.com/ie/en/p/norraker-bench-birch-60428990/
STENSELE,"Table,",109,https://www.ikea.com/ie/en/p/stensele-table-light-grey-light-grey-s49288236/
YNGVAR,"Bar stool,",125,https://www.ikea.com/ie/en/p/yngvar-bar-stool-anthracite-60400745/
JANINGE,"Bar stool,",115,https://www.ikea.com/ie/en/p/janinge-bar-stool-white-70246089/
NORRÅKER,"Stool,",35,https://www.ikea.com/ie/en/p/norraker-stool-birch-00428974/
JANINGE,Chair,45,https://www.ikea.com/ie/en/p/janinge-chair-white-00246078/
NORRÅKER,"Table,",179,https://www.ikea.com/ie/en/p/norraker-table-birch-30428982/
STENSELE,"Bar table,",119,https://www.ikea.com/ie/en/p/stensele-bar-table-anthracite-anthracite-s09288224/
STENSELE / RÖNNINGE,"Table and 2 chairs,",279,https://www.ikea.com/ie/en/p/stensele-roenninge-table-and-2-chairs-light-grey-light-grey-birch-s09297129/
RÖNNINGE,Chair,85,https://www.ikea.com/ie/en/p/roenninge-chair-birch-10422504/
TOMMARYD,"Table,",149,https://www.ikea.com/ie/en/p/tommaryd-table-white-stained-oak-veneer-anthracite-s39387524/
STENSELE,"Table,",109,https://www.ikea.com/ie/en/p/stensele-table-light-grey-light-grey-s69323922/
YNGVAR,Chair,95,https://www.ikea.com/ie/en/p/yngvar-chair-anthracite-80417636/
STENSELE,"Table,",109,https://www.ikea.com/ie/en/p/stensele-table-anthracite-anthracite-s79288230/
JANINGE,Chair,45,https://www.ikea.com/ie/en/p/janinge-chair-yellow-60246080/
JANINGE,"Bar stool,",115,https://www.ikea.com/ie/en/p/janinge-bar-stool-grey-10281354/
STENSELE / RÖNNINGE,"Table and 2 chairs,",279,https://www.ikea.com/ie/en/p/stensele-roenninge-table-and-2-chairs-anthracite-anthracite-birch-s69297126/
TOMMARYD,"Table,",149,https://www.ikea.com/ie/en/p/tommaryd-table-white-stained-oak-veneer-white-s69387508/
STENSELE,"Table,",109,https://www.ikea.com/ie/en/p/stensele-table-anthracite-anthracite-s89323921/
TOMMARYD,"Table,",149,https://www.ikea.com/ie/en/p/tommaryd-table-white-s99387489/
BUSUNGE,"Wardrobe,",129,https://www.ikea.com/ie/en/p/busunge-wardrobe-white-20305707/
GODISHUS,"Wardrobe,",95,https://www.ikea.com/ie/en/p/godishus-wardrobe-white-50422494/
GODISHUS,"Chest of 3 drawers,",55,https://www.ikea.com/ie/en/p/godishus-chest-of-3-drawers-white-80433486/
SMÅGÖRA,"Wardrobe,",150,https://www.ikea.com/ie/en/p/smagoera-wardrobe-white-10460888/
SMÅGÖRA,"Shelf unit,",30,https://www.ikea.com/ie/en/p/smagoera-shelf-unit-white-30465489/
SLÄKT,"Storage box with castors,",60,https://www.ikea.com/ie/en/p/slaekt-storage-box-with-castors-white-80362974/
LÄTT,Children's table with 2 chairs,35,https://www.ikea.com/ie/en/p/laett-childrens-table-with-2-chairs-white-pine-50178411/
SMUSSLA,Bedside table/shelf unit,35,https://www.ikea.com/ie/en/p/smussla-bedside-table-shelf-unit-white-90469489/
DUNDRA,Activity table with storage,115,https://www.ikea.com/ie/en/p/dundra-activity-table-with-storage-white-grey-30472499/
SMÅSTAD,"Bench with toy storage,",99,https://www.ikea.com/ie/en/p/smastad-bench-with-toy-storage-white-white-s19389152/
LÄTT,Children's table with 2 chairs,35,https://www.ikea.com/ie/en/p/laett-childrens-table-with-2-chairs-white-pine-50178411/
SMUSSLA,Bedside table/shelf unit,35,https://www.ikea.com/ie/en/p/smussla-bedside-table-shelf-unit-white-90469489/
DUNDRA,Activity table with storage,115,https://www.ikea.com/ie/en/p/dundra-activity-table-with-storage-white-grey-30472499/
SMÅSTAD,"Bench with toy storage,",99,https://www.ikea.com/ie/en/p/smastad-bench-with-toy-storage-white-white-s19389152/
MAMMUT,"Children's table,",29,https://www.ikea.com/ie/en/p/mammut-childrens-table-in-outdoor-blue-90365180/
GODISHUS,"Wardrobe,",95,https://www.ikea.com/ie/en/p/godishus-wardrobe-white-50422494/
BERGIG,Book display with storage,115,https://www.ikea.com/ie/en/p/bergig-book-display-with-storage-white-00472702/
IKEA PS LÖMSK,Swivel armchair,69,https://www.ikea.com/ie/en/p/ikea-ps-loemsk-swivel-armchair-white-red-10407136/
FLISAT,"Children's table,",69,https://www.ikea.com/ie/en/p/flisat-childrens-table-50298418/
CIRKUSTÄLT,Children's tent,19,https://www.ikea.com/ie/en/p/cirkustaelt-childrens-tent-80342052/
PÅHL,"Desk top shelf,",25,https://www.ikea.com/ie/en/p/pahl-desk-top-shelf-white-10519501/
MAMMUT,Children's chair,15,https://www.ikea.com/ie/en/p/mammut-childrens-chair-in-outdoor-pink-80382321/
BUSUNGE,"Wardrobe,",129,https://www.ikea.com/ie/en/p/busunge-wardrobe-white-20305707/
TROFAST,"Storage combination,",85,https://www.ikea.com/ie/en/p/trofast-storage-combination-white-turquoise-s19329380/
MAMMUT,Children's chair,15,https://www.ikea.com/ie/en/p/mammut-childrens-chair-in-outdoor-blue-60365346/
SMÅSTAD / PLATSA,"Chest of 6 drawers,",215,https://www.ikea.com/ie/en/p/smastad-platsa-chest-of-6-drawers-white-white-s59387655/
TROFAST,"Frame,",80,https://www.ikea.com/ie/en/p/trofast-frame-light-white-stained-pine-60308695/
KRITTER,Children's chair,17,https://www.ikea.com/ie/en/p/kritter-childrens-chair-white-40153699/
SMÅSTAD / PLATSA,"Chest of 3 drawers,",111,https://www.ikea.com/ie/en/p/smastad-platsa-chest-of-3-drawers-white-white-s29420133/
SUNDVIK,"Children's table,",40,https://www.ikea.com/ie/en/p/sundvik-childrens-table-white-10201673/
TROFAST,"Storage combination with boxes,",40,https://www.ikea.com/ie/en/p/trofast-storage-combination-with-boxes-white-grey-s79330470/
BOLMEN,Step stool,7,https://www.ikea.com/ie/en/p/bolmen-step-stool-white-60265163/
TROFAST,"Storage combination with boxes,",74,https://www.ikea.com/ie/en/p/trofast-storage-combination-with-boxes-white-grey-s09328791/
SUNDVIK,Children's chair,19,https://www.ikea.com/ie/en/p/sundvik-childrens-chair-white-60196358/
POÄNG,Armchair,90,https://www.ikea.com/ie/en/p/poaeng-armchair-birch-veneer-knisa-light-beige-s99240789/
TULLSTA,Armchair,150,https://www.ikea.com/ie/en/p/tullsta-armchair-blekinge-white-s09289431/
POÄNG,Rocking-chair,125,https://www.ikea.com/ie/en/p/poaeng-rocking-chair-oak-veneer-knisa-light-beige-s29419460/
STRANDMON,Wing chair,250,https://www.ikea.com/ie/en/p/strandmon-wing-chair-skiftebo-yellow-40361896/
POÄNG,Armchair,90,https://www.ikea.com/ie/en/p/poaeng-armchair-birch-veneer-knisa-light-beige-s99240789/
TULLSTA,Armchair,150,https://www.ikea.com/ie/en/p/tullsta-armchair-blekinge-white-s09289431/
POÄNG,Rocking-chair,125,https://www.ikea.com/ie/en/p/poaeng-rocking-chair-oak-veneer-knisa-light-beige-s29419460/
STRANDMON,Wing chair,250,https://www.ikea.com/ie/en/p/strandmon-wing-chair-skiftebo-yellow-40361896/
EKENÄSET,Armchair,229,https://www.ikea.com/ie/en/p/ekenaeset-armchair-hillared-anthracite-10450511/
AGEN,Chair,70,https://www.ikea.com/ie/en/p/agen-chair-rattan-bamboo-50058376/
KLUBBFORS,Armchair,379,https://www.ikea.com/ie/en/p/klubbfors-armchair-gunnared-beige-00522269/
POÄNG,Armchair cushion,35,https://www.ikea.com/ie/en/p/poaeng-armchair-cushion-knisa-light-beige-40395146/
NOLMYRA,Easy chair,50,https://www.ikea.com/ie/en/p/nolmyra-easy-chair-birch-veneer-grey-10233532/
HOLMSTA,Armchair,199,https://www.ikea.com/ie/en/p/holmsta-armchair-handmade-beige-90508551/
EKTORP,Armchair,329,https://www.ikea.com/ie/en/p/ektorp-armchair-hallarp-beige-s79400670/
POÄNG,Armchair,90,https://www.ikea.com/ie/en/p/poaeng-armchair-white-stained-oak-veneer-knisa-light-beige-s89286612/
BINGSTA,Armchair,179,https://www.ikea.com/ie/en/p/bingsta-armchair-vissle-dark-yellow-kabusa-dark-yellow-10455655/
PELLO,Armchair,80,https://www.ikea.com/ie/en/p/pello-armchair-holmby-natural-90078462/
SÖDERHAMN,Chaise longue,435,https://www.ikea.com/ie/en/p/soederhamn-chaise-longue-finnsta-white-s09133675/
POÄNG,Armchair,90,https://www.ikea.com/ie/en/p/poaeng-armchair-black-brown-knisa-black-s19240830/
VALLENTUNA,Cover for back cushion,20,https://www.ikea.com/ie/en/p/vallentuna-cover-for-back-cushion-hillared-beige-10487388/
POÄNG,Armchair,90,https://www.ikea.com/ie/en/p/poaeng-armchair-oak-veneer-knisa-light-beige-s99240807/
POÄNG,Rocking-chair,125,https://www.ikea.com/ie/en/p/poaeng-rocking-chair-white-stained-oak-veneer-knisa-light-beige-s79429268/
LINNEBÄCK,Easy chair,60,https://www.ikea.com/ie/en/p/linnebaeck-easy-chair-ramna-olive-green-10487227/
VIMLE,Chaise longue,510,https://www.ikea.com/ie/en/p/vimle-chaise-longue-saxemara-black-blue-s09399910/
SÖDERHAMN,Chaise longue,435,https://www.ikea.com/ie/en/p/soederhamn-chaise-longue-finnsta-turquoise-s19135749/
SÖDERHAMN,Chaise longue,370,https://www.ikea.com/ie/en/p/soederhamn-chaise-longue-samsta-orange-s79305606/
LANDSKRONA,Armchair,550,https://www.ikea.com/ie/en/p/landskrona-armchair-grann-bomstad-black-metal-s99031776/
FRÖSÖN/DUVHOLMEN,"Seat cushion, outdoor,",40,https://www.ikea.com/ie/en/p/froesoen-duvholmen-seat-cushion-outdoor-beige-s99253079/
FRÖSÖN/DUVHOLMEN,"Back cushion, outdoor,",30,https://www.ikea.com/ie/en/p/froesoen-duvholmen-back-cushion-outdoor-dark-grey-s29253110/
FRÖSÖN/DUVHOLMEN,"Chair cushion, outdoor,",12,https://www.ikea.com/ie/en/p/froesoen-duvholmen-chair-cushion-outdoor-beige-s29252889/
KUDDARNA,"Chair cushion, outdoor,",7,https://www.ikea.com/ie/en/p/kuddarna-chair-cushion-outdoor-grey-70411084/
FRÖSÖN/DUVHOLMEN,"Sun lounger cushion,",75,https://www.ikea.com/ie/en/p/froesoen-duvholmen-sun-lounger-cushion-beige-s09444149/
FRÖSÖN/DUVHOLMEN,"Back cushion, outdoor,",30,https://www.ikea.com/ie/en/p/froesoen-duvholmen-back-cushion-outdoor-beige-s29253105/
FRÖSÖN/DUVHOLMEN,"Seat cushion, outdoor,",40,https://www.ikea.com/ie/en/p/froesoen-duvholmen-seat-cushion-outdoor-dark-grey-s99253084/
KUDDARNA,"Chair cushion, outdoor,",7,https://www.ikea.com/ie/en/p/kuddarna-chair-cushion-outdoor-beige-80411069/
JÄRPÖN/DUVHOLMEN,"Chair cushion, outdoor,",27,https://www.ikea.com/ie/en/p/jaerpoen-duvholmen-chair-cushion-outdoor-anthracite-s09304870/
FRÖSÖN/DUVHOLMEN,"Chair cushion, outdoor,",20,https://www.ikea.com/ie/en/p/froesoen-duvholmen-chair-cushion-outdoor-beige-s29291329/
KUDDARNA,"Chair cushion, outdoor,",15,https://www.ikea.com/ie/en/p/kuddarna-chair-cushion-outdoor-grey-40417921/
KUDDARNA,"Seat/back cushion, outdoor,",30,https://www.ikea.com/ie/en/p/kuddarna-seat-back-cushion-outdoor-beige-80411130/
SKARPÖ,"Armchair, outdoor",50,https://www.ikea.com/ie/en/p/skarpoe-armchair-outdoor-white-70234185/
GÅRÖ / HAMNÖN,Hammock with stand,120,https://www.ikea.com/ie/en/p/garoe-hamnoen-hammock-with-stand-grey-red-white-s69444028/
ÄPPLARÖ,"Armchair, outdoor",90,https://www.ikea.com/ie/en/p/aepplaroe-armchair-outdoor-brown-stained-60469056/
BRUSEN,"3-seat sofa, outdoor",215,https://www.ikea.com/ie/en/p/brusen-3-seat-sofa-outdoor-red-70424147/
SKARPÖ,"Armchair, outdoor",50,https://www.ikea.com/ie/en/p/skarpoe-armchair-outdoor-white-70234185/
GÅRÖ / HAMNÖN,Hammock with stand,120,https://www.ikea.com/ie/en/p/garoe-hamnoen-hammock-with-stand-grey-red-white-s69444028/
ÄPPLARÖ,"Armchair, outdoor",90,https://www.ikea.com/ie/en/p/aepplaroe-armchair-outdoor-brown-stained-60469056/
BRUSEN,"3-seat sofa, outdoor",215,https://www.ikea.com/ie/en/p/brusen-3-seat-sofa-outdoor-red-70424147/
BROMMÖ,"Lounger, outdoor",65,https://www.ikea.com/ie/en/p/brommoe-lounger-outdoor-brown-stained-40332682/
BONDHOLMEN,"Reclining chair, outdoor",90,https://www.ikea.com/ie/en/p/bondholmen-reclining-chair-outdoor-grey-10481843/
ÄPPLARÖ,"Chair with armrests, outdoor",65,https://www.ikea.com/ie/en/p/aepplaroe-chair-with-armrests-outdoor-brown-stained-20208527/
STACKHOLMEN,"Stool, outdoor,",35,https://www.ikea.com/ie/en/p/stackholmen-stool-outdoor-light-brown-stained-20411425/
GÅRÖ,"Hammock stand, outdoor",85,https://www.ikea.com/ie/en/p/garoe-hammock-stand-outdoor-grey-80251513/
TÄRNÖ,"Table, outdoor,",25,https://www.ikea.com/ie/en/p/taernoe-table-outdoor-white-light-brown-stained-40444972/
TORPARÖ,"Reclining chair, outdoor",45,https://www.ikea.com/ie/en/p/torparoe-reclining-chair-outdoor-white-beige-60461343/
SUNDSÖ,"Table, outdoor,",45,https://www.ikea.com/ie/en/p/sundsoe-table-outdoor-grey-70503352/
FALHOLMEN,"Table, outdoor,",90,https://www.ikea.com/ie/en/p/falholmen-table-outdoor-light-brown-stained-90313092/
ÄPPLARÖ,"Table+2 folding chairs, outdoor",179,https://www.ikea.com/ie/en/p/aepplaroe-table-2-folding-chairs-outdoor-brown-stained-s59326539/
TÄRNÖ,"Table+2 chairs, outdoor",63,https://www.ikea.com/ie/en/p/taernoe-table-2-chairs-outdoor-black-light-brown-stained-s69898415/
ÄPPLARÖ,"Reclining chair, outdoor",55,https://www.ikea.com/ie/en/p/aepplaroe-reclining-chair-outdoor-foldable-brown-stained-70208539/
TÄRNÖ,"Chair, outdoor",19,https://www.ikea.com/ie/en/p/taernoe-chair-outdoor-foldable-black-light-brown-stained-90095428/
ÄPPLARÖ,"Bench with backrest, outdoor",90,https://www.ikea.com/ie/en/p/aepplaroe-bench-with-backrest-outdoor-brown-stained-80208529/
ÄPPLARÖ,"Table, outdoor,",165,https://www.ikea.com/ie/en/p/aepplaroe-table-outdoor-brown-stained-70419787/
ÄPPLARÖ,"Gateleg table, outdoor,",99,https://www.ikea.com/ie/en/p/aepplaroe-gateleg-table-outdoor-brown-stained-30419794/
BETSHOLM,"Bench, outdoor,",165,https://www.ikea.com/ie/en/p/betsholm-bench-outdoor-acacia-40445368/
BONDHOLMEN,"Armchair, outdoor",115,https://www.ikea.com/ie/en/p/bondholmen-armchair-outdoor-grey-30420660/
VINGSÖN,"Wing chair, in/outdoor",299,https://www.ikea.com/ie/en/p/vingsoen-wing-chair-in-outdoor-grey-70503738/
KUDDARNA,"Seat/back cushion, outdoor,",30,https://www.ikea.com/ie/en/p/kuddarna-seat-back-cushion-outdoor-grey-60411145/
VARHAUG,"Room divider,",129,https://www.ikea.com/ie/en/p/varhaug-room-divider-beige-30501072/
EILIF,"Screen, freestanding,",129,https://www.ikea.com/ie/en/p/eilif-screen-freestanding-grey-black-s59387472/
KALLAX,"Shelving unit,",165,https://www.ikea.com/ie/en/p/kallax-shelving-unit-white-70301537/
KALLAX,"Shelving unit,",115,https://www.ikea.com/ie/en/p/kallax-shelving-unit-white-30275861/
VARHAUG,"Room divider,",129,https://www.ikea.com/ie/en/p/varhaug-room-divider-beige-30501072/
EILIF,"Screen, freestanding,",129,https://www.ikea.com/ie/en/p/eilif-screen-freestanding-grey-black-s59387472/
KALLAX,"Shelving unit,",165,https://www.ikea.com/ie/en/p/kallax-shelving-unit-white-70301537/
KALLAX,"Shelving unit,",115,https://www.ikea.com/ie/en/p/kallax-shelving-unit-white-30275861/
KALLAX,"Shelving unit with 4 inserts,",269,https://www.ikea.com/ie/en/p/kallax-shelving-unit-with-4-inserts-high-gloss-white-s59278331/
KALLAX,"Shelving unit with 10 inserts,",354,https://www.ikea.com/ie/en/p/kallax-shelving-unit-with-10-inserts-white-stained-oak-effect-s09197605/
KALLAX,"Shelving unit with 4 inserts,",175,https://www.ikea.com/ie/en/p/kallax-shelving-unit-with-4-inserts-white-s39017486/
EILIF,"Screen, freestanding,",99,https://www.ikea.com/ie/en/p/eilif-screen-freestanding-grey-40466935/
KALLAX,"Shelving unit with 8 inserts,",235,https://www.ikea.com/ie/en/p/kallax-shelving-unit-with-8-inserts-white-s69017475/
ÖVNING,Desk divider with compartments,13,https://www.ikea.com/ie/en/p/oevning-desk-divider-with-compartments-80499161/
RISÖR,"Room divider,",120,https://www.ikea.com/ie/en/p/risoer-room-divider-white-black-70182191/
ELLOVEN,"Whiteboard/noticeboard with castors,",129,https://www.ikea.com/ie/en/p/elloven-whiteboard-noticeboard-with-castors-white-70474769/
EILIF,"Screen for desk,",90,https://www.ikea.com/ie/en/p/eilif-screen-for-desk-grey-70466934/
TROTTEN,"Noticeboard,",29,https://www.ikea.com/ie/en/p/trotten-noticeboard-white-90474768/
EILIF,"Screen for desk,",80,https://www.ikea.com/ie/en/p/eilif-screen-for-desk-grey-20471061/
EILIF,"Screen for desk,",50,https://www.ikea.com/ie/en/p/eilif-screen-for-desk-grey-00466937/
EILIF,"Support for screen,",30,https://www.ikea.com/ie/en/p/eilif-support-for-screen-white-00468795/
EILIF,"Screen for desk,",70,https://www.ikea.com/ie/en/p/eilif-screen-for-desk-grey-40471060/
EILIF,"Screen, freestanding,",129,https://www.ikea.com/ie/en/p/eilif-screen-freestanding-grey-white-s69387462/
KALLAX,"Shelving unit,",179,https://www.ikea.com/ie/en/p/kallax-shelving-unit-oak-effect-10325678/
KALLAX,"Shelving unit,",179,https://www.ikea.com/ie/en/p/kallax-shelving-unit-black-brown-70301542/
KALLAX,"Shelving unit,",179,https://www.ikea.com/ie/en/p/kallax-shelving-unit-white-stained-oak-effect-90324509/
KALLAX,"Shelving unit,",129,https://www.ikea.com/ie/en/p/kallax-shelving-unit-black-brown-10275862/
KALLAX,"Shelving unit,",129,https://www.ikea.com/ie/en/p/kallax-shelving-unit-oak-effect-10307491/
BESTÅ,"Storage combination w doors/drawers,",295,https://www.ikea.com/ie/en/p/besta-storage-combination-w-doors-drawers-white-lappviken-stubbarp-white-s09440453/
HAUGA,"Sideboard,",199,https://www.ikea.com/ie/en/p/hauga-sideboard-grey-30456908/
KALLAX,"Shelving unit,",80,https://www.ikea.com/ie/en/p/kallax-shelving-unit-black-brown-20275885/
IKEA PS,"Cabinet,",90,https://www.ikea.com/ie/en/p/ikea-ps-cabinet-red-80100190/
BESTÅ,"Storage combination w doors/drawers,",295,https://www.ikea.com/ie/en/p/besta-storage-combination-w-doors-drawers-white-lappviken-stubbarp-white-s09440453/
HAUGA,"Sideboard,",199,https://www.ikea.com/ie/en/p/hauga-sideboard-grey-30456908/
KALLAX,"Shelving unit,",80,https://www.ikea.com/ie/en/p/kallax-shelving-unit-black-brown-20275885/
IKEA PS,"Cabinet,",90,https://www.ikea.com/ie/en/p/ikea-ps-cabinet-red-80100190/
VIHALS,"Sideboard,",179,https://www.ikea.com/ie/en/p/vihals-sideboard-white-30491718/
BESTÅ,"Storage combination w glass doors,",330,https://www.ikea.com/ie/en/p/besta-storage-combination-w-glass-doors-white-selsviken-high-gloss-white-clear-glass-s39301139/
IDANÄS,"Sideboard,",250,https://www.ikea.com/ie/en/p/idanaes-sideboard-white-80496025/
BESTÅ,"Wall-mounted cabinet combination,",315,https://www.ikea.com/ie/en/p/besta-wall-mounted-cabinet-combination-black-brown-bergsviken-black-marble-effect-s09421789/
KLACKENÄS,"Sideboard,",299,https://www.ikea.com/ie/en/p/klackenaes-sideboard-black-oak-veneer-brown-stained-90506750/
HAVSTA,"Storage combination w glass-doors,",480,https://www.ikea.com/ie/en/p/havsta-storage-combination-w-glass-doors-grey-s29266056/
LIATORP,"Console table,",199,https://www.ikea.com/ie/en/p/liatorp-console-table-white-glass-00105064/
BESTÅ,"Storage combination with doors,",345,https://www.ikea.com/ie/en/p/besta-storage-combination-with-doors-white-vaesterviken-ullarp-white-s19421741/
BESTÅ,"Storage combination w doors/drawers,",295,https://www.ikea.com/ie/en/p/besta-storage-combination-w-doors-drawers-white-lappviken-stubbarp-white-s39419006/
REGISSÖR,"Cabinet,",279,https://www.ikea.com/ie/en/p/regissoer-cabinet-white-40342073/
HAUGA,"Storage combination,",378,https://www.ikea.com/ie/en/p/hauga-storage-combination-white-s69388640/
BESTÅ,"Storage combination with doors,",185,https://www.ikea.com/ie/en/p/besta-storage-combination-with-doors-white-lappviken-stubbarp-white-s89209826/
HAVSTA,"Cabinet with plinth,",175,https://www.ikea.com/ie/en/p/havsta-cabinet-with-plinth-white-10388623/
HAUGA,"Storage combination,",557,https://www.ikea.com/ie/en/p/hauga-storage-combination-grey-s09388445/
BESTÅ,"Storage combination with doors,",190,https://www.ikea.com/ie/en/p/besta-storage-combination-with-doors-black-brown-selsviken-high-gloss-beige-s09324590/
BESTÅ,"Storage combination with drawers,",370,https://www.ikea.com/ie/en/p/besta-storage-combination-with-drawers-sindvik-white-lappviken-stubbarp-white-s59424342/
HEMNES,"Sideboard,",299,https://www.ikea.com/ie/en/p/hemnes-sideboard-white-stain-light-brown-70476259/
IDANÄS,"Cabinet with bi-folding doors,",250,https://www.ikea.com/ie/en/p/idanaes-cabinet-with-bi-folding-doors-white-20458823/
BESTÅ,"Storage combination with doors,",355,https://www.ikea.com/ie/en/p/besta-storage-combination-with-doors-white-sutterviken-kabbarp-grey-beige-s59387759/
BESTÅ,"Storage combination with doors,",325,https://www.ikea.com/ie/en/p/besta-storage-combination-with-doors-white-glassvik-stubbarp-white-clear-glass-s09139941/
KULLEN,"Chest of 5 drawers,",75,https://www.ikea.com/ie/en/p/kullen-chest-of-5-drawers-white-20393662/
LACK,"TV bench,",15,https://www.ikea.com/ie/en/p/lack-tv-bench-white-00450088/
HAUGA,"Chest of 6 drawers,",179,https://www.ikea.com/ie/en/p/hauga-chest-of-6-drawers-white-00407269/
MALM,"Chest of 6 drawers,",125,https://www.ikea.com/ie/en/p/malm-chest-of-6-drawers-white-mirror-glass-70403593/
MALM,"Chest of 4 drawers,",115,https://www.ikea.com/ie/en/p/malm-chest-of-4-drawers-white-30403571/
KULLEN,"Chest of 5 drawers,",75,https://www.ikea.com/ie/en/p/kullen-chest-of-5-drawers-white-20393662/
HAUGA,"Chest of 6 drawers,",179,https://www.ikea.com/ie/en/p/hauga-chest-of-6-drawers-white-00407269/
MALM,"Chest of 6 drawers,",125,https://www.ikea.com/ie/en/p/malm-chest-of-6-drawers-white-mirror-glass-70403593/
MALM,"Chest of 4 drawers,",115,https://www.ikea.com/ie/en/p/malm-chest-of-4-drawers-white-30403571/
MALM,"Chest of 6 drawers,",150,https://www.ikea.com/ie/en/p/malm-chest-of-6-drawers-white-60403584/
KOPPANG,"Chest of 6 drawers,",179,https://www.ikea.com/ie/en/p/koppang-chest-of-6-drawers-white-10311308/
MALM,"Chest of 3 drawers,",90,https://www.ikea.com/ie/en/p/malm-chest-of-3-drawers-white-20403562/
HELMER,"Drawer unit on castors,",40,https://www.ikea.com/ie/en/p/helmer-drawer-unit-on-castors-white-10251045/
HEMNES,"Chest of 2 drawers,",99,https://www.ikea.com/ie/en/p/hemnes-chest-of-2-drawers-grey-stained-00392461/
EKET,"Cabinet with 3 drawers,",150,https://www.ikea.com/ie/en/p/eket-cabinet-with-3-drawers-white-40333969/
LOMMARP,"TV bench,",299,https://www.ikea.com/ie/en/p/lommarp-tv-bench-dark-blue-green-00435385/
IKEA PS,"Cabinet,",90,https://www.ikea.com/ie/en/p/ikea-ps-cabinet-red-80100190/
BRIMNES,"TV bench,",90,https://www.ikea.com/ie/en/p/brimnes-tv-bench-black-50337698/
LACK,"TV bench,",15,https://www.ikea.com/ie/en/p/lack-tv-bench-white-00450088/
LOMMARP,"TV bench,",299,https://www.ikea.com/ie/en/p/lommarp-tv-bench-dark-blue-green-00435385/
IKEA PS,"Cabinet,",90,https://www.ikea.com/ie/en/p/ikea-ps-cabinet-red-80100190/
BRIMNES,"TV bench,",90,https://www.ikea.com/ie/en/p/brimnes-tv-bench-black-50337698/
BESTÅ,"TV bench,",80,https://www.ikea.com/ie/en/p/besta-tv-bench-white-00474070/
VIHALS,"TV bench,",99,https://www.ikea.com/ie/en/p/vihals-tv-bench-white-20483295/
KALLAX,"Shelving unit with underframe,",75,https://www.ikea.com/ie/en/p/kallax-shelving-unit-with-underframe-white-white-s59442666/
BYÅS,"TV bench,",150,https://www.ikea.com/ie/en/p/byas-tv-bench-high-gloss-white-80227797/
BESTÅ,"TV bench,",415,https://www.ikea.com/ie/en/p/besta-tv-bench-white-lappviken-white-s19476818/
BESTÅ,"TV bench with drawers,",195,https://www.ikea.com/ie/en/p/besta-tv-bench-with-drawers-white-lappviken-stubbarp-white-s79188297/
LAPPLAND,"TV storage unit,",179,https://www.ikea.com/ie/en/p/lappland-tv-storage-unit-white-80285155/
HAUGA,"TV bench,",115,https://www.ikea.com/ie/en/p/hauga-tv-bench-white-00415047/
NIKKEBY,"Chest of 4 drawers,",85,https://www.ikea.com/ie/en/p/nikkeby-chest-of-4-drawers-grey-green-30439462/
KOPPANG,"Chest of 3 drawers,",99,https://www.ikea.com/ie/en/p/koppang-chest-of-3-drawers-white-10385950/
BRIMNES,"Chest of 4 drawers,",125,https://www.ikea.com/ie/en/p/brimnes-chest-of-4-drawers-white-frosted-glass-90392046/
MALM,"Chest of 3 drawers,",70,https://www.ikea.com/ie/en/p/malm-chest-of-3-drawers-white-30429613/
KULLEN,"Chest of 2 drawers,",35,https://www.ikea.com/ie/en/p/kullen-chest-of-2-drawers-white-80309241/
HEMNES,"Chest of 8 drawers,",279,https://www.ikea.com/ie/en/p/hemnes-chest-of-8-drawers-white-stain-10239280/
LENNART,Drawer unit,15,https://www.ikea.com/ie/en/p/lennart-drawer-unit-white-30326177/
SONGESAND,"Chest of 3 drawers,",115,https://www.ikea.com/ie/en/p/songesand-chest-of-3-drawers-white-90366839/
HEMNES,"Chest of 3 drawers,",179,https://www.ikea.com/ie/en/p/hemnes-chest-of-3-drawers-white-stain-80424745/
NORDLI,"Modular chest of 3 drawers,",85,https://www.ikea.com/ie/en/p/nordli-modular-chest-of-3-drawers-white-40383469/
NORDLI,"Chest of 6 drawers,",215,https://www.ikea.com/ie/en/p/nordli-chest-of-6-drawers-white-s89239499/
ALEX,"Drawer unit,",75,https://www.ikea.com/ie/en/p/alex-drawer-unit-white-00473546/
HEMNES,"Bedside table,",60,https://www.ikea.com/ie/en/p/hemnes-bedside-table-white-stain-20200456/
HAUGA,"Chest of 3 drawers,",99,https://www.ikea.com/ie/en/p/hauga-chest-of-3-drawers-white-00407274/
BESTÅ,"TV storage combination/glass doors,",975,https://www.ikea.com/ie/en/p/besta-tv-storage-combination-glass-doors-white-lappviken-white-clear-glass-s59411009/
LACK,"TV bench,",45,https://www.ikea.com/ie/en/p/lack-tv-bench-white-30498890/
BESTÅ,"TV bench,",105,https://www.ikea.com/ie/en/p/besta-tv-bench-black-brown-s49061228/
BESTÅ,"TV storage combination/glass doors,",365,https://www.ikea.com/ie/en/p/besta-tv-storage-combination-glass-doors-white-stained-oak-effect-lappviken-white-stained-oak-eff-clear-glass-s09329413/
BESTÅ / EKET,"Cabinet combination for TV,",415,https://www.ikea.com/ie/en/p/besta-eket-cabinet-combination-for-tv-white-s29204431/
BESTÅ,"TV storage combination/glass doors,",580,https://www.ikea.com/ie/en/p/besta-tv-storage-combination-glass-doors-oak-effect-selsviken-high-gloss-white-frosted-glass-s09408636/
STOCKHOLM,"TV bench,",379,https://www.ikea.com/ie/en/p/stockholm-tv-bench-walnut-veneer-60239715/
HEMNES,"TV storage combination,",758,https://www.ikea.com/ie/en/p/hemnes-tv-storage-combination-black-brown-light-brown-clear-glass-s09336569/
BESTÅ / EKET,"TV bench,",605,https://www.ikea.com/ie/en/p/besta-eket-tv-bench-white-selsviken-high-gloss-white-s09476767/
BESTÅ,"TV storage combination/glass doors,",900,https://www.ikea.com/ie/en/p/besta-tv-storage-combination-glass-doors-oak-effect-selsviken-high-gloss-white-clear-glass-s19412218/
BESTÅ / EKET,"TV storage combination,",425,https://www.ikea.com/ie/en/p/besta-eket-tv-storage-combination-white-selsviken-high-gloss-white-s69476825/
BESTÅ,"TV bench with doors and drawers,",385,https://www.ikea.com/ie/en/p/besta-tv-bench-with-doors-and-drawers-white-lappviken-stubbarp-white-s09401357/
POÄNG,Armchair,90,https://www.ikea.com/ie/en/p/poaeng-armchair-oak-veneer-knisa-light-beige-s99240807/
POÄNG,Rocking-chair,125,https://www.ikea.com/ie/en/p/poaeng-rocking-chair-white-stained-oak-veneer-knisa-light-beige-s79429268/
LINNEBÄCK,Easy chair,60,https://www.ikea.com/ie/en/p/linnebaeck-easy-chair-ramna-olive-green-10487227/
ADDE,Chair,13,https://www.ikea.com/ie/en/p/adde-chair-white-10219178/
POÄNG,Armchair,90,https://www.ikea.com/ie/en/p/poaeng-armchair-oak-veneer-knisa-light-beige-s99240807/
POÄNG,Rocking-chair,125,https://www.ikea.com/ie/en/p/poaeng-rocking-chair-white-stained-oak-veneer-knisa-light-beige-s79429268/
LINNEBÄCK,Easy chair,60,https://www.ikea.com/ie/en/p/linnebaeck-easy-chair-ramna-olive-green-10487227/
ADDE,Chair,13,https://www.ikea.com/ie/en/p/adde-chair-white-10219178/
ÖRFJÄLL,Children's desk chair,50,https://www.ikea.com/ie/en/p/oerfjaell-childrens-desk-chair-white-vissle-pink-30441771/
LEIFARNE,Chair,45,https://www.ikea.com/ie/en/p/leifarne-chair-white-broringe-white-s69197711/
BETSHOLM,"Bench, outdoor,",165,https://www.ikea.com/ie/en/p/betsholm-bench-outdoor-acacia-40445368/
STRANDMON,Wing chair,250,https://www.ikea.com/ie/en/p/strandmon-wing-chair-skiftebo-yellow-40361896/
MATCHSPEL,Gaming chair,179,https://www.ikea.com/ie/en/p/matchspel-gaming-chair-bomstad-black-20507606/
HUVUDSPELARE,Gaming chair,65,https://www.ikea.com/ie/en/p/huvudspelare-gaming-chair-black-30507601/
EKTORP,Armchair,329,https://www.ikea.com/ie/en/p/ektorp-armchair-hallarp-beige-s79400670/
ULRIKSBERG,Armchair,129,https://www.ikea.com/ie/en/p/ulriksberg-armchair-rattan-anthracite-90434310/
FÖRSIKTIG,Children's stool,5,https://www.ikea.com/ie/en/p/foersiktig-childrens-stool-white-green-60248418/
BEKANT,"Table top,",90,https://www.ikea.com/ie/en/p/bekant-table-top-white-00253238/
GUNDE,Folding chair,10,https://www.ikea.com/ie/en/p/gunde-folding-chair-white-60217799/
STRANDMON,Footstool with storage,115,https://www.ikea.com/ie/en/p/strandmon-footstool-with-storage-tallmyra-blue-10426677/
TULLSTA,Armchair,150,https://www.ikea.com/ie/en/p/tullsta-armchair-blekinge-white-s09289431/
STEFAN,Chair,30,https://www.ikea.com/ie/en/p/stefan-chair-brown-black-00211088/
TERJE,Folding chair,35,https://www.ikea.com/ie/en/p/terje-folding-chair-white-knisa-light-grey-20485572/
FRÖSET,Easy chair,90,https://www.ikea.com/ie/en/p/froeset-easy-chair-black-stained-oak-veneer-40423559/
HAVSTEN,"Easy chair, in/outdoor,",275,https://www.ikea.com/ie/en/p/havsten-easy-chair-in-outdoor-beige-s39274697/
HOLMSTA / FRÖKNABO,Armchair,259,https://www.ikea.com/ie/en/p/holmsta-froeknabo-armchair-s99428809/
FANBYN,Chair frame,40,https://www.ikea.com/ie/en/p/fanbyn-chair-frame-brown-wood-effect-00385069/
VIMLE,Cover for 2-seat sofa,119,https://www.ikea.com/ie/en/p/vimle-cover-for-2-seat-sofa-saxemara-black-blue-s09399463/
VALLENTUNA,Cover for back cushion,20,https://www.ikea.com/ie/en/p/vallentuna-cover-for-back-cushion-hillared-beige-10487388/
MICKE,"Corner workstation,",179,https://www.ikea.com/ie/en/p/micke-corner-workstation-white-50250713/
LINNMON / ADILS,"Table,",35,https://www.ikea.com/ie/en/p/linnmon-adils-table-white-s29932181/
BEKANT,"Desk,",195,https://www.ikea.com/ie/en/p/bekant-desk-white-s19022808/
BEKANT,"Table top,",90,https://www.ikea.com/ie/en/p/bekant-table-top-white-00253238/
MICKE,"Corner workstation,",179,https://www.ikea.com/ie/en/p/micke-corner-workstation-white-50250713/
LINNMON / ADILS,"Table,",35,https://www.ikea.com/ie/en/p/linnmon-adils-table-white-s29932181/
BEKANT,"Desk,",195,https://www.ikea.com/ie/en/p/bekant-desk-white-s19022808/
TORALD,"Desk,",22,https://www.ikea.com/ie/en/p/torald-desk-white-90493955/
BESTÅ BURS,"Desk,",199,https://www.ikea.com/ie/en/p/besta-burs-desk-high-gloss-white-70245339/
TROTTEN,"Desk,",90,https://www.ikea.com/ie/en/p/trotten-desk-beige-anthracite-s89429550/
MICKE,"Desk,",55,https://www.ikea.com/ie/en/p/micke-desk-white-30213076/
LAGKAPTEN / ALEX,"Desk,",106,https://www.ikea.com/ie/en/p/lagkapten-alex-desk-white-s69416817/
BEKANT,"Table top,",100,https://www.ikea.com/ie/en/p/bekant-table-top-black-stained-ash-veneer-50366290/
LACK,"Side table,",9,https://www.ikea.com/ie/en/p/lack-side-table-white-30514791/
BEKANT,"Right-hand corner table top,",120,https://www.ikea.com/ie/en/p/bekant-right-hand-corner-table-top-oak-veneer-10253030/
KALLAX,"Shelving unit with 4 inserts,",130,https://www.ikea.com/ie/en/p/kallax-shelving-unit-with-4-inserts-white-s59425916/
BJÖRKÅSEN,Laptop stand,29,https://www.ikea.com/ie/en/p/bjoerkasen-laptop-stand-anthracite-20476474/
MICKE,"Desk,",80,https://www.ikea.com/ie/en/p/micke-desk-white-80213074/
NORBERG,"Wall-mounted drop-leaf table,",45,https://www.ikea.com/ie/en/p/norberg-wall-mounted-drop-leaf-table-white-30180504/
RÅSKOG,"Trolley,",45,https://www.ikea.com/ie/en/p/raskog-trolley-white-20382932/
LAGKAPTEN / ALEX,"Desk,",177,https://www.ikea.com/ie/en/p/lagkapten-alex-desk-white-s99431982/
MELLTORP,"Table top,",20,https://www.ikea.com/ie/en/p/melltorp-table-top-white-90280096/
UTESPELARE,"Gaming desk,",150,https://www.ikea.com/ie/en/p/utespelare-gaming-desk-black-80507627/
RODULF,"Desk sit/stand,",399,https://www.ikea.com/ie/en/p/rodulf-desk-sit-stand-grey-white-s99396323/
HEMNES,"Chest of 3 drawers,",125,https://www.ikea.com/ie/en/p/hemnes-chest-of-3-drawers-white-stain-00484743/
LAGKAPTEN,"Table top,",36,https://www.ikea.com/ie/en/p/lagkapten-table-top-white-stained-oak-effect-30460830/
NORDVIKEN,"Extendable table,",379,https://www.ikea.com/ie/en/p/nordviken-extendable-table-white-90368715/
RUDSTA,"Glass-door cabinet,",99,https://www.ikea.com/ie/en/p/rudsta-glass-door-cabinet-light-turquoise-20450134/
BAGGEBO,"Cabinet with glass doors,",50,https://www.ikea.com/ie/en/p/baggebo-cabinet-with-glass-doors-metal-white-80502998/
ERSNÄS,"Sideboard,",299,https://www.ikea.com/ie/en/p/ersnaes-sideboard-birch-effect-70506746/
TROXHULT,"Wall shelf,",35,https://www.ikea.com/ie/en/p/troxhult-wall-shelf-white-60401127/
PERSBY,"Wall shelf,",12,https://www.ikea.com/ie/en/p/persby-wall-shelf-black-brown-50191262/
RÅVAROR,"Shelving unit on castors,",129,https://www.ikea.com/ie/en/p/ravaror-shelving-unit-on-castors-oak-veneer-50454507/
RÅVAROR,"Shelving unit on castors,",80,https://www.ikea.com/ie/en/p/ravaror-shelving-unit-on-castors-oak-veneer-20454504/
LIXHULT,"Cabinet,",20,https://www.ikea.com/ie/en/p/lixhult-cabinet-metal-white-50328665/
EKET,"Cabinet combination with legs,",95,https://www.ikea.com/ie/en/p/eket-cabinet-combination-with-legs-white-wood-s79388003/
BESTÅ,"Storage combination with drawers,",290,https://www.ikea.com/ie/en/p/besta-storage-combination-with-drawers-white-lappviken-sindvik-white-clear-glass-s09325108/
RUDSTA,"Glass-door cabinet,",129,https://www.ikea.com/ie/en/p/rudsta-glass-door-cabinet-anthracite-50450137/
BESTÅ,"Shelf unit with doors,",210,https://www.ikea.com/ie/en/p/besta-shelf-unit-with-doors-white-lappviken-white-s39429699/
EKET,"Cabinet combination with legs,",95,https://www.ikea.com/ie/en/p/eket-cabinet-combination-with-legs-white-wood-s79388003/
BESTÅ,"Storage combination with drawers,",290,https://www.ikea.com/ie/en/p/besta-storage-combination-with-drawers-white-lappviken-sindvik-white-clear-glass-s09325108/
RUDSTA,"Glass-door cabinet,",129,https://www.ikea.com/ie/en/p/rudsta-glass-door-cabinet-anthracite-50450137/
BESTÅ,"Shelf unit with doors,",210,https://www.ikea.com/ie/en/p/besta-shelf-unit-with-doors-white-lappviken-white-s39429699/
KALLAX,"Shelving unit,",80,https://www.ikea.com/ie/en/p/kallax-shelving-unit-black-brown-20275885/
HEMNES,"Glass-door cabinet with 3 drawers,",350,https://www.ikea.com/ie/en/p/hemnes-glass-door-cabinet-with-3-drawers-white-stain-light-brown-50413507/
BILLY / OXBERG,"Bookcase w height extension ut/drs,",400,https://www.ikea.com/ie/en/p/billy-oxberg-bookcase-w-height-extension-ut-drs-white-s49280754/
BRIMNES,"Cabinet with doors,",80,https://www.ikea.com/ie/en/p/brimnes-cabinet-with-doors-black-80300660/
BESTÅ,"Wall-mounted cabinet combination,",315,https://www.ikea.com/ie/en/p/besta-wall-mounted-cabinet-combination-black-brown-bergsviken-black-marble-effect-s09421789/
HAUGA,"Cabinet with 2 doors,",115,https://www.ikea.com/ie/en/p/hauga-cabinet-with-2-doors-grey-40415050/
HAVSTA,"Storage combination,",350,https://www.ikea.com/ie/en/p/havsta-storage-combination-grey-s09265996/
HAVSTA,"Cabinet with plinth,",175,https://www.ikea.com/ie/en/p/havsta-cabinet-with-plinth-white-10388623/
EKET,"Cabinet w 2 doors and 1 shelf,",80,https://www.ikea.com/ie/en/p/eket-cabinet-w-2-doors-and-1-shelf-white-20333951/
LOMMARP,"Cabinet,",250,https://www.ikea.com/ie/en/p/lommarp-cabinet-dark-blue-green-80415468/
HAVSTA,"Storage combination w glass-doors,",375,https://www.ikea.com/ie/en/p/havsta-storage-combination-w-glass-doors-grey-s89265978/
BESTÅ,"Wall cabinet with 2 doors,",140,https://www.ikea.com/ie/en/p/besta-wall-cabinet-with-2-doors-black-brown-lappviken-black-brown-s39421962/
IVAR,"Cabinet,",80,https://www.ikea.com/ie/en/p/ivar-cabinet-pine-40033763/
KALLAX,"Shelving unit with 4 inserts,",140,https://www.ikea.com/ie/en/p/kallax-shelving-unit-with-4-inserts-white-s59278307/
HEMNES,"High cabinet with glass door,",179,https://www.ikea.com/ie/en/p/hemnes-high-cabinet-with-glass-door-white-20396646/
BILLY / OXBERG,"Bookcase with door,",70,https://www.ikea.com/ie/en/p/billy-oxberg-bookcase-with-door-black-brown-s89287386/
BESTÅ,"Storage combination with doors,",190,https://www.ikea.com/ie/en/p/besta-storage-combination-with-doors-black-brown-selsviken-high-gloss-beige-s09324590/
BAGGEBO,"Cabinet with glass doors,",50,https://www.ikea.com/ie/en/p/baggebo-cabinet-with-glass-doors-metal-white-80502998/
IDANÄS,"High cabinet w gls-drs and 1 drawer,",299,https://www.ikea.com/ie/en/p/idanaes-high-cabinet-w-gls-drs-and-1-drawer-white-10487840/
HAUGA,"Storage combination,",557,https://www.ikea.com/ie/en/p/hauga-storage-combination-grey-s09388445/
HEMNES,"Day-bed frame with 3 drawers,",350,https://www.ikea.com/ie/en/p/hemnes-day-bed-frame-with-3-drawers-white-90349326/
TUFJORD,"Upholstered bed frame,",750,https://www.ikea.com/ie/en/p/tufjord-upholstered-bed-frame-gunnared-blue-30446429/
BALESTRAND,"Divan base with drawer,",279,https://www.ikea.com/ie/en/p/balestrand-divan-base-with-drawer-right-skiftebo-grey-40411537/
SKUBB,"Storage case,",6,https://www.ikea.com/ie/en/p/skubb-storage-case-white-90294989/
HEMNES,"Day-bed frame with 3 drawers,",350,https://www.ikea.com/ie/en/p/hemnes-day-bed-frame-with-3-drawers-white-90349326/
TUFJORD,"Upholstered bed frame,",750,https://www.ikea.com/ie/en/p/tufjord-upholstered-bed-frame-gunnared-blue-30446429/
BALESTRAND,"Divan base with drawer,",279,https://www.ikea.com/ie/en/p/balestrand-divan-base-with-drawer-right-skiftebo-grey-40411537/
SKUBB,"Storage case,",6,https://www.ikea.com/ie/en/p/skubb-storage-case-white-90294989/
FREDVANG,"Underbed storage/bedside table,",45,https://www.ikea.com/ie/en/p/fredvang-underbed-storage-bedside-table-white-10493638/
SLATTUM,"Upholstered bed frame,",229,https://www.ikea.com/ie/en/p/slattum-upholstered-bed-frame-knisa-light-grey-70446390/
PLATSA,"Bed frame with storage,",300,https://www.ikea.com/ie/en/p/platsa-bed-frame-with-storage-white-10453086/
HAUGA,"Upholstered bed frame,",299,https://www.ikea.com/ie/en/p/hauga-upholstered-bed-frame-vissle-grey-50446367/
MALM,"Ottoman bed,",499,https://www.ikea.com/ie/en/p/malm-ottoman-bed-white-30404820/
MALM,"Bedroom furniture, set of 2",140,https://www.ikea.com/ie/en/p/malm-bedroom-furniture-set-of-2-white-s29483413/
NORDLI,"Bed frame w storage and headboard,",600,https://www.ikea.com/ie/en/p/nordli-bed-frame-w-storage-and-headboard-white-s69241422/
BRANDASUND,"Headboard,",249,https://www.ikea.com/ie/en/p/brandasund-headboard-button-tallmyra-beige-00471892/
HOLMSUND,Corner sofa-bed,779,https://www.ikea.com/ie/en/p/holmsund-corner-sofa-bed-nordvalla-medium-grey-s19150749/
HAUGA,"Upholstered bed, 4 storage boxes,",499,https://www.ikea.com/ie/en/p/hauga-upholstered-bed-4-storage-boxes-vissle-grey-s89336594/
ASKEBY,Two-seat sofa-bed,299,https://www.ikea.com/ie/en/p/askeby-two-seat-sofa-bed-black-90317170/
GLADSTAD,"Upholstered bed, 2 storage boxes,",315,https://www.ikea.com/ie/en/p/gladstad-upholstered-bed-2-storage-boxes-kabusa-light-grey-s79406766/
IDANÄS,"Upholstered storage bed,",699,https://www.ikea.com/ie/en/p/idanaes-upholstered-storage-bed-gunnared-dark-grey-60447192/
IDANÄS,"Upholstered bed frame,",399,https://www.ikea.com/ie/en/p/idanaes-upholstered-bed-frame-gunnared-dark-grey-20458960/
PLATSA,"Bed frame with 4 drawers,",591,https://www.ikea.com/ie/en/p/platsa-bed-frame-with-4-drawers-white-fonnes-s89326463/
ASKVOLL,"Bed frame,",189,https://www.ikea.com/ie/en/p/askvoll-bed-frame-white-luroey-s89019713/
FRIHETEN,"Cushion,",50,https://www.ikea.com/ie/en/p/friheten-cushion-skiftebo-dark-grey-40382912/
NORDLI,"Headboard,",150,https://www.ikea.com/ie/en/p/nordli-headboard-white-10372976/
MALM,"Bed frame, high,",125,https://www.ikea.com/ie/en/p/malm-bed-frame-high-white-20250050/
NEIDEN,"Bed frame,",99,https://www.ikea.com/ie/en/p/neiden-bed-frame-pine-luroey-s79248611/
LÅNGARYD,3-seat sofa,799,https://www.ikea.com/ie/en/p/langaryd-3-seat-sofa-lejde-grey-black-wood-s69418109/
EKTORP,2-seat sofa,370,https://www.ikea.com/ie/en/p/ektorp-2-seat-sofa-totebo-light-beige-s89337664/
VIMLE,2-seat sofa,529,https://www.ikea.com/ie/en/p/vimle-2-seat-sofa-hallarp-grey-s29399004/
SÖDERHAMN,3-seat sofa,590,https://www.ikea.com/ie/en/p/soederhamn-3-seat-sofa-tonerud-grey-s49452104/
LÅNGARYD,3-seat sofa,799,https://www.ikea.com/ie/en/p/langaryd-3-seat-sofa-lejde-grey-black-wood-s69418109/
EKTORP,2-seat sofa,370,https://www.ikea.com/ie/en/p/ektorp-2-seat-sofa-totebo-light-beige-s89337664/
VIMLE,2-seat sofa,529,https://www.ikea.com/ie/en/p/vimle-2-seat-sofa-hallarp-grey-s29399004/
SÖDERHAMN,3-seat sofa,590,https://www.ikea.com/ie/en/p/soederhamn-3-seat-sofa-tonerud-grey-s49452104/
KLIPPAN,Compact 2-seat sofa,250,https://www.ikea.com/ie/en/p/klippan-compact-2-seat-sofa-flackarp-grey-70379343/
EKTORP,3-seat sofa,549,https://www.ikea.com/ie/en/p/ektorp-3-seat-sofa-hallarp-beige-s09400678/
GRÖNLID,3-seat sofa,629,https://www.ikea.com/ie/en/p/groenlid-3-seat-sofa-tallmyra-light-green-s19408768/
FRÖSLÖV,3-seat sofa,799,https://www.ikea.com/ie/en/p/froesloev-3-seat-sofa-hyllie-beige-40526289/
FRIHETEN,Corner sofa-bed with storage,850,https://www.ikea.com/ie/en/p/friheten-corner-sofa-bed-with-storage-with-extra-back-cushions-skiftebo-dark-grey-s09326626/
KLIPPAN,2-seat sofa,279,https://www.ikea.com/ie/en/p/klippan-2-seat-sofa-kabusa-dark-grey-s09251782/
SMEDSTORP,2-seat sofa,699,https://www.ikea.com/ie/en/p/smedstorp-2-seat-sofa-viarp-beige-brown-oak-s49477232/
LÅNGARYD,2-seat sofa,750,https://www.ikea.com/ie/en/p/langaryd-2-seat-sofa-lejde-light-grey-wood-s09418145/
HOLMSUND,Cover for corner sofa-bed,149,https://www.ikea.com/ie/en/p/holmsund-cover-for-corner-sofa-bed-nordvalla-beige-20321359/
SLATORP,3-seat sofa,"1,150",https://www.ikea.com/ie/en/p/slatorp-3-seat-sofa-with-chaise-longue-left-tallmyra-white-black-50531153/
LINANÄS,2-seat sofa,299,https://www.ikea.com/ie/en/p/linanaes-2-seat-sofa-vissle-dark-grey-10512241/
GRÖNLID,2-seat section,429,https://www.ikea.com/ie/en/p/groenlid-2-seat-section-sporda-dark-grey-s19408508/
LANDSKRONA,4-seat sofa,"1,249",https://www.ikea.com/ie/en/p/landskrona-4-seat-sofa-with-chaise-longue-gunnared-dark-grey-metal-s39270369/
VIMLE,3-seat sofa,629,https://www.ikea.com/ie/en/p/vimle-3-seat-sofa-with-wide-armrests-saxemara-black-blue-s79401472/
VIMLE,"Corner sofa, 5-seat","1,348",https://www.ikea.com/ie/en/p/vimle-corner-sofa-5-seat-with-wide-armrests-saxemara-black-blue-s09401814/
HOLMSUND,Corner sofa-bed,779,https://www.ikea.com/ie/en/p/holmsund-corner-sofa-bed-nordvalla-medium-grey-s19150749/
FRIHETEN,3-seat sofa-bed,750,https://www.ikea.com/ie/en/p/friheten-3-seat-sofa-bed-hyllie-dark-grey-40432083/
GRÖNLID,"Corner sofa, 5-seat","1,508",https://www.ikea.com/ie/en/p/groenlid-corner-sofa-5-seat-sporda-natural-s39408343/
GRÖNLID,Cover 3-seat sofa-bed w chaise lng,320,https://www.ikea.com/ie/en/p/groenlid-cover-3-seat-sofa-bed-w-chaise-lng-sporda-natural-s09408448/
LANDSKRONA,Three-seat sofa,899,https://www.ikea.com/ie/en/p/landskrona-three-seat-sofa-grann-bomstad-black-metal-s39031699/
KLEPPSTAD,"Wardrobe with sliding doors,",165,https://www.ikea.com/ie/en/p/kleppstad-wardrobe-with-sliding-doors-white-90437238/
VIHALS,"Wardrobe with 2 doors,",215,https://www.ikea.com/ie/en/p/vihals-wardrobe-with-2-doors-white-60483255/
HAUGA,"Wardrobe with sliding doors,",240,https://www.ikea.com/ie/en/p/hauga-wardrobe-with-sliding-doors-grey-60407271/
VIHALS,"Storage unit,",165,https://www.ikea.com/ie/en/p/vihals-storage-unit-white-90483268/
KLEPPSTAD,"Wardrobe with sliding doors,",165,https://www.ikea.com/ie/en/p/kleppstad-wardrobe-with-sliding-doors-white-90437238/
VIHALS,"Wardrobe with 2 doors,",215,https://www.ikea.com/ie/en/p/vihals-wardrobe-with-2-doors-white-60483255/
HAUGA,"Wardrobe with sliding doors,",240,https://www.ikea.com/ie/en/p/hauga-wardrobe-with-sliding-doors-grey-60407271/
VIHALS,"Storage unit,",165,https://www.ikea.com/ie/en/p/vihals-storage-unit-white-90483268/
IDANÄS,"Cabinet with bi-folding doors,",250,https://www.ikea.com/ie/en/p/idanaes-cabinet-with-bi-folding-doors-white-20458823/
HAUGA,"Open wardrobe with 3 drawers,",165,https://www.ikea.com/ie/en/p/hauga-open-wardrobe-with-3-drawers-white-40456922/
RAKKESTAD,"Wardrobe with 2 doors,",165,https://www.ikea.com/ie/en/p/rakkestad-wardrobe-with-2-doors-black-brown-50453758/
BRIMNES,"Wardrobe with 3 doors,",199,https://www.ikea.com/ie/en/p/brimnes-wardrobe-with-3-doors-white-40407922/
SMÅSTAD,"Wardrobe with pull-out unit,",289,https://www.ikea.com/ie/en/p/smastad-wardrobe-with-pull-out-unit-white-s19388416/
PAX,"Wardrobe,",440,https://www.ikea.com/ie/en/p/pax-wardrobe-white-hasvik-white-s79180593/
KLEPPSTAD,"Wardrobe with 2 doors,",99,https://www.ikea.com/ie/en/p/kleppstad-wardrobe-with-2-doors-white-80437234/
PAX / ÅHEIM,"Wardrobe combination,",155,https://www.ikea.com/ie/en/p/pax-aheim-wardrobe-combination-white-mirror-glass-s39336148/
GURSKEN,"Wardrobe,",60,https://www.ikea.com/ie/en/p/gursken-wardrobe-light-beige-20486326/
VUKU,"Wardrobe,",15,https://www.ikea.com/ie/en/p/vuku-wardrobe-white-80331973/
IDANÄS,"Wardrobe,",350,https://www.ikea.com/ie/en/p/idanaes-wardrobe-white-60458835/
SMÅSTAD / PLATSA,"Wardrobe,",214,https://www.ikea.com/ie/en/p/smastad-platsa-wardrobe-white-grey-with-4-drawers-s09426372/
PAX / FÄRVIK,"Wardrobe combination,",745,https://www.ikea.com/ie/en/p/pax-faervik-wardrobe-combination-white-white-glass-s89480256/
PAX,"Wardrobe,",145,https://www.ikea.com/ie/en/p/pax-wardrobe-white-vikedal-mirror-glass-s49127494/
PAX / ÅHEIM,"Wardrobe combination,",405,https://www.ikea.com/ie/en/p/pax-aheim-wardrobe-combination-white-mirror-glass-s49429750/
PAX / FLISBERGET,"Wardrobe,",290,https://www.ikea.com/ie/en/p/pax-flisberget-wardrobe-white-light-beige-s69480304/
SUNDVIK,"Wardrobe,",215,https://www.ikea.com/ie/en/p/sundvik-wardrobe-white-10269696/
VISTHUS,"Wardrobe,",329,https://www.ikea.com/ie/en/p/visthus-wardrobe-grey-white-90493446/
STÖTTA,"LED cabinet lighting strip w sensor,",12,https://www.ikea.com/ie/en/p/stoetta-led-cabinet-lighting-strip-w-sensor-battery-operated-white-10360087/
TYSSEDAL,"Wardrobe,",329,https://www.ikea.com/ie/en/p/tyssedal-wardrobe-white-mirror-glass-00298128/
LUSTIGKURRE,"Basket,",13,https://www.ikea.com/ie/en/p/lustigkurre-basket-natural-water-hyacinth-seagrass-30457328/
GNABBAS,"Basket,",9,https://www.ikea.com/ie/en/p/gnabbas-basket-60400298/
REJSA,"Box,",17,https://www.ikea.com/ie/en/p/rejsa-box-grey-green-metal-60457789/
BULLIG,"Box,",17,https://www.ikea.com/ie/en/p/bullig-box-bamboo-brown-30474592/
DRÖNJÖNS,"Storage box,",12,https://www.ikea.com/ie/en/p/droenjoens-storage-box-light-green-grey-40515498/
TJENA,"Storage box with lid,",6,https://www.ikea.com/ie/en/p/tjena-storage-box-with-lid-white-40469302/
KVARNVIK,"Storage box with lid,",17,https://www.ikea.com/ie/en/p/kvarnvik-storage-box-with-lid-beige-00459480/
TJILLEVIPS,"Basket,",12,https://www.ikea.com/ie/en/p/tjillevips-basket-jute-00439492/
DRÖNA,"Box,",4,https://www.ikea.com/ie/en/p/droena-box-white-40217955/
KNIPSA,"Basket,",19,https://www.ikea.com/ie/en/p/knipsa-basket-seagrass-20110540/
VIHALS,"Shelving unit with 10 shelves,",125,https://www.ikea.com/ie/en/p/vihals-shelving-unit-with-10-shelves-white-70483274/
KALLAX,"Shelving unit,",70,https://www.ikea.com/ie/en/p/kallax-shelving-unit-white-80275887/
KALLAX,"Shelving unit,",35,https://www.ikea.com/ie/en/p/kallax-shelving-unit-white-20275814/
KALLAX,"Underframe,",30,https://www.ikea.com/ie/en/p/kallax-underframe-white-40501892/
VIHALS,"Shelving unit with 10 shelves,",125,https://www.ikea.com/ie/en/p/vihals-shelving-unit-with-10-shelves-white-70483274/
KALLAX,"Shelving unit,",70,https://www.ikea.com/ie/en/p/kallax-shelving-unit-white-80275887/
KALLAX,"Shelving unit,",35,https://www.ikea.com/ie/en/p/kallax-shelving-unit-white-20275814/
KALLAX,"Underframe,",30,https://www.ikea.com/ie/en/p/kallax-underframe-white-40501892/
GERSBY,"Bookcase,",35,https://www.ikea.com/ie/en/p/gersby-bookcase-white-70261131/
KALLAX,"Shelving unit with 4 inserts,",150,https://www.ikea.com/ie/en/p/kallax-shelving-unit-with-4-inserts-white-s79278250/
VESKEN,"Shelf unit,",15,https://www.ikea.com/ie/en/p/vesken-shelf-unit-white-40307866/
KALLAX,"Shelving unit with 2 inserts,",90,https://www.ikea.com/ie/en/p/kallax-shelving-unit-with-2-inserts-black-brown-s39278290/
KALLAX,"Shelving unit,",45,https://www.ikea.com/ie/en/p/kallax-shelving-unit-white-00275848/
EKET,"Cabinet combination with feet,",135,https://www.ikea.com/ie/en/p/eket-cabinet-combination-with-feet-white-s09189200/
KALLAX,"Shelving unit,",115,https://www.ikea.com/ie/en/p/kallax-shelving-unit-white-30275861/
BAGGEBO,"Bookcase,",19,https://www.ikea.com/ie/en/p/baggebo-bookcase-white-70481171/
BILLY,"Bookcase,",40,https://www.ikea.com/ie/en/p/billy-bookcase-white-50263838/
HAUGA,"Storage combination,",378,https://www.ikea.com/ie/en/p/hauga-storage-combination-white-s69388640/
KALLAX,"Shelving unit with 4 inserts,",140,https://www.ikea.com/ie/en/p/kallax-shelving-unit-with-4-inserts-white-s59278307/
GNEDBY,"Shelving unit,",35,https://www.ikea.com/ie/en/p/gnedby-shelving-unit-white-40277143/
BILLY / OXBERG,"Bookcase with panel/glass door,",100,https://www.ikea.com/ie/en/p/billy-oxberg-bookcase-with-panel-glass-door-white-glass-s89398841/
HYLLIS,"Shelving unit,",22,https://www.ikea.com/ie/en/p/hyllis-shelving-unit-in-outdoor-00278578/
BRIMNES,"Bookcase,",85,https://www.ikea.com/ie/en/p/brimnes-bookcase-black-40301223/
LACK,"Wall shelf unit,",70,https://www.ikea.com/ie/en/p/lack-wall-shelf-unit-white-60282186/
BILLY,"Bookcase,",35,https://www.ikea.com/ie/en/p/billy-bookcase-white-30263844/
EKET,"Cabinet w door and 1 shelf,",45,https://www.ikea.com/ie/en/p/eket-cabinet-w-door-and-1-shelf-dark-grey-50344929/
EKET,"Wall-mounted cabinet combination,",215,https://www.ikea.com/ie/en/p/eket-wall-mounted-cabinet-combination-white-s19189030/
KALLAX,"Shelving unit with underframe,",75,https://www.ikea.com/ie/en/p/kallax-shelving-unit-with-underframe-white-white-s59442666/
TÄRNÖ,"Table+2 chairs, outdoor",63,https://www.ikea.com/ie/en/p/taernoe-table-2-chairs-outdoor-black-light-brown-stained-s69898415/
MALM,"Bedroom furniture, set of 3",190,https://www.ikea.com/ie/en/p/malm-bedroom-furniture-set-of-3-white-s49483412/
MALM,"Bedroom furniture, set of 2",140,https://www.ikea.com/ie/en/p/malm-bedroom-furniture-set-of-2-white-s29483413/
HAUGA,"Bedroom furniture, set of 4,",578,https://www.ikea.com/ie/en/p/hauga-bedroom-furniture-set-of-4-vissle-grey-s19485974/
TÄRNÖ,"Table+2 chairs, outdoor",63,https://www.ikea.com/ie/en/p/taernoe-table-2-chairs-outdoor-black-light-brown-stained-s69898415/
MALM,"Bedroom furniture, set of 3",190,https://www.ikea.com/ie/en/p/malm-bedroom-furniture-set-of-3-white-s49483412/
MALM,"Bedroom furniture, set of 2",140,https://www.ikea.com/ie/en/p/malm-bedroom-furniture-set-of-2-white-s29483413/
HAUGA,"Bedroom furniture, set of 4,",578,https://www.ikea.com/ie/en/p/hauga-bedroom-furniture-set-of-4-vissle-grey-s19485974/
BONDHOLMEN,"Table+4 chairs w armrests, outdoor",499,https://www.ikea.com/ie/en/p/bondholmen-table-4-chairs-w-armrests-outdoor-grey-stained-s29330482/
HAUGA,"Bedroom furniture, set of 3",199,https://www.ikea.com/ie/en/p/hauga-bedroom-furniture-set-of-3-white-s59483384/
HAUGA,"Bedroom furniture, set of 2",229,https://www.ikea.com/ie/en/p/hauga-bedroom-furniture-set-of-2-white-s89483387/
ENHET / TVÄLLEN,"Bathroom furniture, set of 14,",378,https://www.ikea.com/ie/en/p/enhet-tvaellen-bathroom-furniture-set-of-14-grey-frame-anthracite-pilkan-tap-s79430083/
MALM,"Bedroom furniture, set of 3,",315,https://www.ikea.com/ie/en/p/malm-bedroom-furniture-set-of-3-white-s99488271/
BRIMNES,"Bedroom furniture, set of 3,",677,https://www.ikea.com/ie/en/p/brimnes-bedroom-furniture-set-of-3-white-s49487660/
ÄPPLARÖ,"Table+4 chairs w armrests, outdoor",410,https://www.ikea.com/ie/en/p/aepplaroe-table-4-chairs-w-armrests-outdoor-brown-stained-s99048395/
HEMNES,"Bedroom furniture, set of 4,",749,https://www.ikea.com/ie/en/p/hemnes-bedroom-furniture-set-of-4-white-stain-s29487996/
ÄPPLARÖ,"Table+8 reclining chairs, outdoor",830,https://www.ikea.com/ie/en/p/aepplaroe-table-8-reclining-chairs-outdoor-brown-stained-kuddarna-beige-s19289746/
GURSKEN,"Bedroom furniture, set of 5,",269,https://www.ikea.com/ie/en/p/gursken-bedroom-furniture-set-of-5-light-beige-s29417017/
TOSTERÖ,"Cover for furniture set,",40,https://www.ikea.com/ie/en/p/tosteroe-cover-for-furniture-set-dining-set-black-30292323/
ASKHOLMEN,"Table+2 chairs, outdoor",90,https://www.ikea.com/ie/en/p/askholmen-table-2-chairs-outdoor-light-brown-stained-s29930059/
SUNDSÖ,"Table+2 chairs, outdoor",115,https://www.ikea.com/ie/en/p/sundsoe-table-2-chairs-outdoor-grey-grey-s29434922/
ASKHOLMEN,"Table+4 chairs, outdoor",175,https://www.ikea.com/ie/en/p/askholmen-table-4-chairs-outdoor-light-brown-stained-s19212182/
TÄRNÖ,"Table+2 chairs, outdoor",63,https://www.ikea.com/ie/en/p/taernoe-table-2-chairs-outdoor-white-light-brown-stained-s59312410/
JOKKMOKK,Table and 4 chairs,199,https://www.ikea.com/ie/en/p/jokkmokk-table-and-4-chairs-antique-stain-50211104/
SANDSBERG / ADDE,"Table and 2 chairs,",61,https://www.ikea.com/ie/en/p/sandsberg-adde-table-and-2-chairs-black-black-s19429191/
LERHAMN,"Table and 2 chairs,",159,https://www.ikea.com/ie/en/p/lerhamn-table-and-2-chairs-light-antique-stain-white-stain-vittaryd-beige-s59306287/
ÄPPLARÖ,"Table+2 folding chairs, outdoor",179,https://www.ikea.com/ie/en/p/aepplaroe-table-2-folding-chairs-outdoor-brown-stained-s59326539/
TORPARÖ,"Table+4 reclining chairs, outdoor,",270,https://www.ikea.com/ie/en/p/torparoe-table-4-reclining-chairs-outdoor-white-beige-s09413671/
